x,y
238.0,200.0
238.2,200.2
238.16,200.35999999999999
238.328,200.488
238.4624,200.7904
238.56992,201.03232
238.655936,201.225856
238.7247488,201.38068479999998
238.77979904,201.70454783999998
238.823839232,201.76363827199998
238.8590713856,201.81091061759997
239.08725710848,202.04872849407997
238.869805686784,202.23898279526398
238.89584454942718,202.39118623621118
238.91667563954175,202.51294898896896
239.1333405116334,202.81035919117517
239.3066724093067,202.84828735294013
239.44533792744537,202.8786298823521
239.9562703419563,203.10290390588167
240.36501627356503,203.28232312470533
240.69201301885204,203.42585849976427
241.15361041508163,203.54068679981143
241.5228883320653,203.63254943984913
242.01831066565222,203.70603955187931
242.41464853252177,203.76483164150346
242.9317188260174,204.01186531320278
243.34537506081392,204.20949225056222
243.87630004865113,204.36759380044978
244.30104003892092,204.49407504035983
244.64083203113674,204.59526003228785
244.91266562490938,204.67620802583028
245.1301324999275,204.74096642066422
245.504105999942,204.79277313653137
245.8032847999536,204.83421850922508
246.04262783996288,204.86737480738006
246.2341022719703,204.89389984590406
246.38728181757625,204.91511987672325
246.509825454061,204.9320959013786
246.6078603632488,204.94567672110287
246.68628829059904,204.95654137688229
246.74903063247922,204.96523310150582
246.79922450598337,204.77218648120464
246.8393796047867,204.6177491849637
247.07150368382935,204.49419934797098
247.05720294706347,204.39535947837678
247.04576235765077,204.31628758270142
247.03660988612063,204.25303006616113
247.0292879088965,204.2024240529289
246.8234303271172,204.16193924234312
246.65874426169376,204.3295513938745
246.526995409355,204.6636411150996
246.621596327484,205.1309128920797
246.69727706198722,205.50473031366374
246.55782164958978,205.803784250931
246.64625731967183,206.24302740074478
246.71700585573745,206.79442192059582
246.77360468458997,207.63553753647665
246.81888374767198,208.30843002918132
246.65510699813757,208.84674402334505
245.92408559851006,209.27739521867605
245.33926847880804,209.42191617494083
243.67141478304643,209.73753293995267
242.53713182643713,209.99002635196214
241.4297054611497,210.19202108156972
239.34376436891975,210.55361686525578
237.8750114951358,210.8428934922046
235.30000919610865,211.07431479376368
233.44000735688692,211.25945183501094
230.35200588550953,211.60756146800875
226.88160470840762,212.286049174407
223.9052837667261,212.8288393395256
220.32422701338086,213.46307147162048
217.25938161070468,213.9704571772964
215.00750528856375,214.3763657418371
212.006004230851,214.90109259346968
209.6048033846808,215.32087407477576
206.68384270774465,215.8566992598206
204.54707416619573,216.0853594078565
204.0376593329566,214.26828752628518
204.83012746636527,212.21463002102814
205.2641019730922,210.5717040168225
207.01128157847376,208.657363213458
208.409025262779,207.12589057076642
210.9272202102232,205.70071245661313
212.94177616817856,204.3605699652905
216.35342093454284,203.0884559722324
218.88273674763428,202.0707647777859
222.70618939810743,201.25661182222873
225.76495151848593,200.605289457783
229.81196121478874,200.08423156622638
233.249568971831,199.8673852529811
237.3996551774648,199.69390820238488
240.91972414197184,199.5551265619079
245.53577931357748,199.64410124952633
249.02862345086197,199.71528099962106
253.42289876068958,199.97222479969685
256.7383190085517,200.37777983975747
260.59065520684135,200.70222387180598
263.87252416547307,200.96177909744478
267.09801933237844,201.36942327795583
269.8784154659028,201.89553862236465
272.9027323727222,202.11643089789172
275.32218589817774,202.29314471831339
277.65774871854217,202.6345157746507
279.7261989748337,203.10761261972056
281.78095917986695,203.48609009577643
283.42476734389356,203.78887207662115
285.13981387511484,204.0310976612969
286.31185110009187,204.22487812903753
287.6494808800735,204.37990250323003
288.5195847040588,204.50392200258403
289.41566776324703,204.80313760206724
290.1325342105976,205.0425100816538
290.7060273684781,205.23400806532305
291.16482189478245,205.38720645225845
291.53185751582595,205.50976516180677
291.82548601266075,205.8078121294454
292.0603888101286,206.04624970355633
292.04831104810285,206.23699976284507
292.2386488384823,206.18959981027606
292.1909190707858,206.35167984822084
292.15273525662866,206.48134387857667
292.1221882053029,206.58507510286134
291.8977505642423,206.66806008228906
291.71820045139384,206.73444806583126
291.3745603611151,206.787558452665
291.09964828889207,207.030046762132
290.67971863111364,207.0240374097056
290.3437749048909,207.01922992776448
290.0750199239127,207.0153839422116
289.6600159391302,207.21230715376927
289.32801275130413,207.36984572301543
289.0624102010433,207.49587657841235
288.8499281608346,207.59670126272988
288.6799425286677,207.67736101018392
288.34395402293416,207.74188880814714
288.2751632183473,207.79351104651772
288.22013057467785,207.83480883721418
287.97610445974226,207.86784706977136
287.9808835677938,207.8942776558171
287.784706854235,207.91542212465367
287.62776548338803,208.13233769972294
287.7022123867104,208.50587015977834
287.76176990936835,208.80469612782267
287.8094159274947,209.04375690225814
287.84753274199574,209.43500552180652
287.67802619359657,209.7480044174452
287.7424209548773,210.19840353395617
287.5939367639018,210.55872282716493
287.47514941112144,210.84697826173195
287.3801195288971,211.07758260938556
287.1040956231177,211.66206608750844
286.8832764984942,212.32965287000675
285.50662119879536,213.46372229600541
284.6052969590363,214.17097783680433
282.48423756722906,215.13678226944347
280.98739005378326,215.90942581555478
278.3899120430266,216.72754065244382
276.3119296344213,217.38203252195507
273.44954370753703,218.30562601756407
270.9596349660296,218.84450081405126
267.9677079728237,219.875600651241
265.37416637825896,220.5004805209928
262.09933310260715,222.40038441679422
259.67946648208573,223.72030753343537
256.7435731856686,226.3762460267483
254.19485854853488,228.30099682139866
252.3558868388279,229.84079745711892
249.8847094710623,232.47263796569513
247.50776757684986,234.7781103725561
245.8062140614799,236.8224882980449
244.24497124918392,238.65799063843593
242.79597699934715,240.12639251074876
241.63678159947773,241.50111400859902
240.70942527958218,242.60089120687923
240.16754022366575,243.8807129655034
239.7340321789326,244.9045703724027
239.78722574314608,246.32365629792216
239.62978059451686,247.25892503833774
239.5038244756135,248.0071400306702
240.0030595804908,249.20571202453615
240.40244766439264,250.16456961962894
240.92195813151412,250.93165569570314
241.13756650521128,251.7453245565625
241.31005320416904,252.39625964525
241.44804256333524,252.9170077162
241.55843405066818,253.33360617296
240.64674724053455,254.266884938368
239.91739779242764,254.8135079506944
239.33391823394211,255.25080636055552
237.6671345871537,256.2006450884444
236.13370766972295,256.7605160707555
233.30696613577837,257.4084128566044
229.4455729086227,258.12673028528354
226.35645832689815,258.5013842282268
222.28516666151853,258.80110738258145
218.82813332921484,259.04088590606517
214.46250666337187,259.0327087248521
210.7700053306975,259.0261669798817
208.016004264558,259.2209335839053
203.6128034116464,258.97674686712423
200.09024272931714,258.9813974936994
195.07219418345372,258.5851179949595
191.05775534676297,258.2680943959676
185.84620427741038,257.4144755167741
179.6769634219283,256.53158041341925
174.94157073754263,255.8252643307354
169.5532565900341,254.8602114645883
165.24260527202728,254.08816917167064
161.79408421762182,253.4705353373365
157.83526737409744,252.5764282698692
154.66821389927796,251.66114261589536
151.53457111942237,250.32891409271627
149.2276568955379,249.26313127417302
146.7821255164303,247.81050501933842
144.62570041314424,246.64840401547073
142.9005603305154,245.3187232123766
141.52044826441232,243.25497856990128
140.21635861152987,241.60398285592103
139.1730868892239,240.28318628473681
138.33846951137912,238.42654902778946
137.6707756091033,237.14123922223158
137.13662048728264,235.11299137778525
136.7092963898261,233.4903931022282
136.36743711186088,231.59231448178258
136.2939496894887,230.07385158542607
136.23515975159097,228.65908126834086
136.18812780127277,227.52726501467268
136.3505022410182,226.42181201173815
136.88040179281455,225.53744960939053
137.50432143425164,224.62995968751244
138.00345714740132,223.90396775000994
139.00276571792105,223.52317420000796
139.80221257433683,223.01853936000637
141.24177005946947,223.0148314880051
142.19341604757557,222.81186519040406
143.95473283806047,222.64949215232326
145.36378627044837,222.5195937218586
147.0910290163587,222.6156749774869
148.47282321308697,222.49253998198952
149.97825857046956,222.5940319855916
151.18260685637566,222.47522558847328
152.54608548510052,222.58018047077863
153.8368683880804,222.66414437662291
154.86949471046432,222.53131550129834
155.69559576837145,222.62505240103866
156.55647661469715,222.50004192083094
157.24518129175772,222.40003353666475
157.99614503340618,222.5200268293318
158.59691602672495,222.41602146346546
159.27753282137996,222.33281717077236
159.62202625710398,222.2662537366179
160.09762100568318,222.21300298929432
160.47809680454654,222.17040239143546
160.98247744363724,222.13632191314838
161.3859819549098,222.1090575305187
161.70878556392785,222.08724602441495
161.96702845114228,221.86979681953196
162.37362276091383,221.49583745562558
162.49889820873108,220.99666996450046
162.79911856698487,220.59733597160036
163.0392948535879,220.0778687772803
163.43143588287032,219.66229502182424
163.74514870629625,219.3298360174594
163.996118965037,219.06386881396753
164.1968951720296,218.851095051174
164.3575161376237,218.48087604093922
164.48601291009896,218.1847008327514
164.58881032807918,217.9477606662011
164.67104826246333,217.9582085329609
164.73683860997068,217.9665668263687
164.78947088797653,217.97325346109497
164.83157671038123,217.978602768876
164.86526136830497,217.78288221510078
164.69220909464397,217.62630577208063
164.75376727571518,217.7010446176645
164.60301382057213,217.5608356941316
164.4824110564577,217.4486685553053
164.38592884516615,217.35893484424423
164.3087430761329,217.2871478753954
164.04699446090632,217.2297183003163
164.03759556872507,217.38377464025305
163.83007645498006,217.30701971220245
163.86406116398405,217.24561576976197
163.69124893118723,217.19649261580957
163.55299914494978,217.15719409264767
163.44239931595982,217.12575527411815
163.35391945276785,217.3006042192945
163.28313556221428,217.4404833754356
163.02650844977143,217.55238670034848
162.82120675981713,217.84190936027878
162.6569654078537,217.87352748822303
162.52557232628297,217.89882199057843
162.42045786102636,217.91905759246274
162.3363662888211,217.93524607397018
162.26909303105688,217.94819685917614
162.21527442484552,217.9585574873409
162.1722195398764,217.7668459898727
162.13777563190112,217.81347679189815
162.11022050552089,217.85078143351853
162.0881764044167,217.88062514681482
162.07054112353336,217.90450011745185
162.0564328988267,217.92360009396148
162.04514631906136,217.93888007516918
162.0361170552491,218.15110406013534
162.0288936441993,218.12088324810827
162.02311491535943,218.0967065984866
162.01849193228753,218.07736527878927
162.01479354583003,218.0618922230314
162.01183483666404,218.04951377842514
162.00946786933122,218.0396110227401
162.20757429546498,218.23168881819208
162.56605943637197,218.38535105455367
162.8528475490976,218.50828084364292
163.68227803927806,219.00662467491435
164.34582243142245,219.2052997399315
165.27665794513797,219.5642397919452
166.02132635611036,219.85139183355616
166.6170610848883,220.08111346684493
167.49364886791062,220.46489077347593
168.1949190943285,220.77191261878073
168.7559352754628,221.0175300950246
169.60474822037025,221.41402407601967
170.2837985762962,221.53121926081573
171.02703886103694,221.62497540865257
172.02163108882957,221.89998032692205
172.81730487106364,222.11998426153764
173.6538438968509,222.29598740923012
174.1230751174807,222.4367899273841
174.49846009398456,222.54943194190727
174.99876807518766,222.6395455535258
175.3990144601501,222.71163644282063
175.7192115681201,222.76930915425652
175.9753692544961,222.8154473234052
176.18029540359686,222.85235785872416
176.3442363228775,222.88188628697932
176.675389058302,223.10550902958346
176.7403112466416,223.08440722366677
176.79224899731327,223.06752577893343
177.0337991978506,223.25402062314674
177.0270393582805,223.2032164985174
177.0216314866244,223.16257319881393
177.2173051892995,223.33005855905114
177.1738441514396,223.2640468472409
177.33907532115168,223.21123747779274
177.27126025692135,223.1689899822342
177.21700820553707,223.13519198578734
177.37360656442965,223.10815358862988
177.49888525154373,223.2865228709039
177.59910820123497,223.42921829672312
177.67928656098798,223.5433746373785
177.94342924879038,224.03469970990278
177.9547433990323,224.42775976792223
177.96379471922586,224.9422078143378
178.1710357753807,225.55376625147022
178.53682862030456,226.64301300117617
179.02946289624364,227.51441040094093
179.8235703169949,228.81152832075276
180.65885625359593,230.0492226566022
181.52708500287673,231.23937812528177
182.6216680023014,232.79150250022542
183.8973344018411,234.03320200018032
185.51786752147288,235.62656160014427
187.2142940171783,237.1012492801154
189.17143521374265,238.88099942409232
191.13714817099412,240.70479953927386
193.1097185367953,242.9638396314191
195.28777482943624,245.57107170513527
197.630219863549,248.2568573641082
199.7041758908392,250.80548589128657
201.56334071267136,253.84438871302925
203.85067257013708,256.6755109704234
205.88053805610966,258.9404087763387
208.3044304448877,261.15232702107096
210.44354435591018,263.1218616168568
212.55483548472813,265.0974892934854
214.6438683877825,266.8779914347883
216.715094710226,268.70239314783066
218.5720757681808,270.36191451826454
220.45766061454464,272.08953161461164
222.1661284916357,273.8716252916893
224.13290279330857,275.8973002333515
225.90632223464686,278.31784018668117
227.5250577877175,280.8542721493449
228.820046230174,283.28341771947595
229.8560369841392,286.22673417558076
230.88482958731134,289.3813873404646
231.5078636698491,292.30510987237164
231.80629093587928,295.4440878978973
231.64503274870341,299.15527031831783
230.91602619896273,303.5242162546543
229.3328209591702,308.6193730037234
226.86625676733615,314.49549840297874
223.69300541386892,320.996398722383
220.95440433109513,326.3971189779064
217.3635234648761,331.51769518232516
210.89081877190088,337.8141561458601
203.9126550175207,348.0513249166881
196.53012401401656,357.64105993335045
188.82409921121325,366.71284794668037
180.8592793689706,374.3702783573443
172.88742349517648,381.2962226858755
164.7099387961412,387.4369781487004
156.16795103691294,392.54958251896034
149.33436082953034,396.8396660151683
142.06748866362426,400.6717328121346
134.4539909308994,403.9373862497077
126.76319274471953,407.1499089997661
118.01055419577563,410.1199271998129
109.6084433566205,413.4959417598503
101.68675468529639,416.79675340788026
93.94940374823712,419.8374027263042
86.95952299858969,422.06992218104335
81.56761839887176,424.0559377448347
76.45409471909741,425.44475019586775
72.16327577527792,426.7558001566942
68.53062062022234,427.8046401253554
65.22449649617786,428.6437121002843
62.37959719694229,429.3149696802274
59.90367775755384,429.6519757441819
57.52294220604307,429.72158059534553
55.41835376483446,429.5772644762764
53.73468301186757,429.46181158102115
52.387746409494056,429.16944926481693
51.310197127595245,428.93555941185355
50.448157702076195,428.5484475294828
49.75852616166095,428.23875802358623
49.206820929328764,427.79100641886896
48.76545674346301,427.4328051350952
48.41236539477041,427.14624410807613
48.529892315816326,426.71699528646093
49.22391385265306,426.57359622916874
50.97913108212245,426.458876983335
53.78330486569796,426.96710158666804
57.826643892558366,428.57368126933443
63.261315114046695,430.85894501546755
70.40905209123736,434.08715601237407
78.92724167298988,438.86972480989925
89.5417933383919,444.0957798479194
101.43343467071352,449.2766238783355
114.74674773657082,453.8212991026684
129.59739818925667,457.6570392821347
145.87791855140534,460.12563142570775
163.10233484112428,461.3005051405662
181.0818678728994,461.640404112453
199.86549429831953,461.5123232899624
219.09239543865561,460.20985863196995
238.4739163509245,457.367886905576
257.7791330807396,453.09430952446075
276.82330646459167,447.0754476195686
295.65864517167336,439.4603580956549
314.1269161373387,429.5682864765239
331.10153290987097,419.4546291812191
346.68122632789675,407.7637033449753
360.7449810623174,394.81096267598025
372.7959848498539,383.2487701407842
382.0367878798831,373.19901611262736
389.4294303039065,363.1592128901019
395.1435442431252,352.32737031208154
399.51483539450015,340.8618962496652
401.41186831560015,329.08951699973215
402.7294946524801,314.2716135997857
401.7835957219841,301.21729087982857
398.8268765775873,289.37383270386283
393.2615012620698,279.09906616309024
386.80920100965585,269.0792529304722
379.84736080772467,259.66340234437774
372.27788864617975,250.5307218755022
363.6223109169438,241.42457750040177
354.49784873355503,232.93966200032142
345.198278986844,224.95172960025712
335.5586231894752,217.7613836802057
325.8468985515802,211.40910694416456
316.0775188412641,205.72728555533166
306.0620150730113,200.38182844426532
296.049612058409,195.50546275541225
286.0396896467272,191.4043702043298
276.23175171738177,187.92349616346385
268.5854013739054,184.93879693077108
260.46832109912435,182.35103754461687
250.77465687929947,180.0808300356935
241.21972550343958,178.0646640285548
231.97578040275167,176.45173122284385
222.98062432220132,174.96138497827508
214.18449945776106,173.96910798262007
205.54759956620885,172.97528638609606
197.03807965296707,172.18022910887686
190.23046372237366,171.3441832871015
182.98437097789892,170.8753466296812
175.58749678231914,170.50027730374495
168.2699974258553,170.20022184299597
161.01599794068426,169.96017747439677
153.0127983525474,170.16814197951743
146.01023868203794,170.53451358361394
139.80819094563034,171.02761086689117
134.44655275650427,171.42208869351293
129.9572422052034,172.13767095481035
126.16579376416273,172.71013676384828
122.93263501133018,173.16810941107863
120.34610800906414,173.5344875288629
118.47688640725131,174.02759002309034
117.78150912580105,174.62207201847227
118.02520730064084,175.0976576147778
119.42016584051268,175.47812609182225
123.13613267241014,175.5825008734578
126.10890613792812,175.66600069876625
130.4871249103425,175.932800559013
135.789699928274,176.3462404472104
142.2317599426192,176.8769923577683
149.58540795409536,177.50159388621464
157.86832636327628,178.2012751089717
166.894661090621,179.16102008717738
176.3157288724968,180.1288160697419
185.65258309799745,181.10305285579352
194.92206647839797,182.08244228463482
203.53765318271837,183.26595382770785
211.8301225461747,184.41276306216628
219.46409803693976,185.73021044973302
226.17127842955182,186.98416835978642
232.33702274364146,188.18733468782915
238.06961819491318,189.54986775026333
243.05569455593053,191.03989420021065
247.64455564474443,192.23191536016853
251.51564451579554,193.58553228813483
255.01251561263643,194.66842583050786
258.01001249010915,195.73474066440627
260.40800999208733,196.787792531525
262.72640799366985,197.63023402522
264.5811263949359,198.504187220176
266.0649011159487,199.20334977614078
267.25192089275896,199.76267982091264
268.40153671420717,200.41014385673012
269.32122937136575,200.9281150853841
270.0569834970926,201.34249206830728
270.64558679767407,201.6739936546458
271.11646943813923,202.33919492371666
271.4931755505114,202.87135593897332
271.79454044040915,203.49708475117865
272.0356323523273,204.19766780094292
272.22850588186185,204.95813424075433
272.3828047054895,205.76650739260347
272.50624376439157,206.81320591408277
272.80499501151326,207.85056473126622
273.0439960092106,208.88045178501298
273.2351968073685,210.50436142801038
273.5881574458948,212.2034891424083
274.07052595671587,214.36279131392664
274.6564207653727,216.8902330511413
275.7251366122981,219.91218644091305
276.7801092898385,223.52974915273043
278.22408743187077,227.42379932218435
279.97926994549664,231.73903945774748
282.1834159563973,236.39123156619797
284.54673276511784,241.31298525295838
287.63738621209427,245.8503882023667
290.70990896967544,251.28031056189337
294.56792717574035,256.4242484495147
298.2543417405923,262.5393987596118
301.80347339247385,268.83151900768945
306.0427787139791,274.6652152061516
310.0342229711833,280.93217216492127
314.42737837694665,285.945737731937
317.5419027015573,290.5565901855496
321.43352216124583,294.8452721484397
325.7468177289967,299.8762177187517
329.19745418319735,304.70097417500136
332.3579633465579,308.96077934000107
334.8863706772463,313.16862347200083
336.70909654179707,317.33489877760064
337.96727723343764,321.46791902208054
338.5738217867501,325.57433521766444
338.8590574294001,329.25946817413154
338.68724594352005,332.8075745393052
337.74979675481603,336.6460596314442
336.5998374038528,340.5168477051553
335.07986992308224,343.81347816412426
332.66389593846577,347.05078253129943
330.1311167507726,348.04062602503956
327.3048934006181,348.03250082003166
324.84391472049447,346.42600065602534
322.6751317763956,345.1408005248203
320.94010542111647,342.5126404198562
319.15208433689315,338.610112335885
317.3216674695145,333.488089868708
315.6573339756116,328.19047189496644
313.3258671804893,322.75237751597314
311.26069374439146,317.8019020127785
309.40855499551316,313.6415216102228
307.52684399641055,309.91321728817826
306.02147519712844,307.13057383054263
304.61718015770276,304.7044590644341
303.2937441261622,302.96356725154726
302.23499530092977,301.1708538012378
301.3879962407438,299.13668304099025
300.91039699259505,296.7093464327922
300.928317594076,293.5674771462337
301.1426540752608,289.053981716987
301.7141232602086,283.2431853735896
302.1712986081669,276.19454829887167
302.7370388865335,268.5556386390973
303.1896311092268,260.84451091127784
302.9517048873814,253.47560872902227
302.7613639099051,247.1804869832178
302.4090911279241,241.74438958657424
302.3272729023393,237.1955116692594
302.26181832187143,233.3564093354075
302.4094546574971,230.285127468326
302.5275637259977,228.0281019746608
302.82205098079817,227.02248157972866
303.0576407846385,227.41798526378292
303.4461126277108,228.93438821102635
303.95689010216864,231.34751056882106
304.3655120817349,234.27800845505686
304.6924096653879,237.4224067640455
304.75392773231033,240.9379254112364
304.60314218584824,244.35034032898912
304.2825137486786,247.4802722631913
304.02601099894287,250.38421781055303
303.4208087991543,252.50737424844243
302.53664703932344,254.20589939875396
301.42931763145873,255.16471951900317
299.943454105167,255.13177561520254
298.1547632841336,254.10542049216204
296.5238106273069,252.08433639372964
294.2190485018455,249.0674691149837
291.7752388014764,245.25397529198696
288.6201910411811,241.40318023358958
285.29615283294487,236.52254418687167
280.8369222663559,231.61803534949735
276.4695378130847,226.69442827959787
271.17563025046775,222.3555426236783
265.1405042003742,218.28443409894265
258.9124033602994,214.62754727915413
252.1299226882395,211.3020378233233
244.9039381505916,208.44163025865865
237.52315052047328,205.95330420692693
229.61852041637863,203.96264336554154
221.4948163331029,202.17011469243323
213.39585306648232,200.7360917539466
205.11668245318586,199.58887340315727
196.69334596254868,198.47109872252582
188.35467677003894,197.57687897802066
180.08374141603116,196.86150318241653
171.66699313282493,196.28920254593322
163.53359450625993,196.03136203674657
156.82687560500796,195.82508962939727
150.26150048400638,195.8600717035178
143.4092003872051,196.28805736281424
135.32736030976406,197.2304458902514
127.86188824781125,198.5843567122011
120.889510598249,200.2674853697609
114.11160847859921,201.61398829580872
107.68928678287936,202.89119063664697
101.75142942630349,204.31295250931757
96.80114354104279,205.25036200745404
92.24091483283424,206.20028960596323
88.1927318662674,207.36023168477058
84.35418549301392,208.48818534781645
80.88334839441113,209.79054827825317
78.1066787155289,210.83243862260252
75.68534297242311,211.66595089808203
73.74827437793849,212.53276071846562
72.59861950235079,213.0262085747725
72.27889560188063,213.420966859818
72.0231164815045,213.7367734878544
72.6184931852036,213.98941879028354
74.09479454816288,213.99153503222684
76.4758356385303,213.99322802578146
79.98066851082424,213.99458242062516
84.3845348086594,213.79566593650014
97.10762784692751,211.8365327492001
109.88610227754201,210.0692261993601
122.5088818220336,208.45538095948808
135.6071054576269,207.16430476759047
149.0856843661015,206.13144381407238
162.4685474928812,205.1051550512579
175.97483799430498,204.4841240410063
189.379870395444,203.98729923280504
202.5038963163552,203.98983938624403
215.20311705308416,204.19187150899523
227.3624936424673,204.5534972071962
238.68999491397386,205.24279776575696
249.3519959311791,205.99423821260558
259.48159674494326,206.79539057008446
268.7852773959546,207.83631245606756
277.2282219167637,209.06904996485406
284.98257753341096,210.25523997188324
291.98606202672875,211.4041919775066
298.388849621383,212.52335358200529
304.3110796971064,214.01868286560423
309.6488637576851,215.4149462924834
314.71909100614806,217.1319570339867
319.17527280491845,218.50556562718936
323.34021824393477,220.00445250175147
326.87217459514784,221.20356200140117
330.0977396761183,222.36284960112093
332.67819174089465,223.49027968089675
335.14255339271574,224.3922237447174
337.11404271417257,225.31377899577393
338.69123417133807,226.25102319661914
340.15298733707044,227.0008185572953
341.12238986965633,227.80065484583625
341.8979118957251,228.640523876669
342.5183295165801,229.3124191013352
342.8146636132641,230.24993528106816
342.8517308906113,231.19994822485452
342.881384712489,232.1599585798836
342.50510776999124,233.1279668639069
341.804086215993,233.9023734911255
340.84326897279436,234.7218987929004
339.2746151782355,235.3775190343203
337.21969214258837,235.90201522745625
334.9757537140707,236.121612181965
332.38060297125656,236.097289745572
329.90448237700525,236.2778317964576
327.1235859016042,236.22226543716607
324.2988687212834,236.17781234973285
321.4390949770267,236.14224987978628
318.55127598162136,235.91379990382902
315.8410207852971,235.93103992306322
313.47281662823764,235.74483193845057
310.7782533025901,235.59586555076046
308.4226026420721,235.47669244060836
306.53808211365765,235.38135395248668
305.0304656909261,235.30508316198933
303.6243725527409,235.24406652959146
302.29949804219274,235.19525322367318
301.23959843375417,234.95620257893853
300.1916787470033,234.76496206315082
299.3533429976027,234.41196965052066
298.68267439808216,234.12957572041654
298.1461395184657,233.70366057633322
298.11691161477256,233.3629284610666
298.49352929181805,233.09034276885328
299.1948234334544,232.87227421508263
300.9558587467635,232.4978193720661
303.1646869974108,232.39825549765288
306.13174959792866,232.1186043981223
308.7053996783429,231.69488351849785
316.36431974267435,232.75590681479827
324.4914557941395,234.2047254518386
333.39316463531156,235.9637803614709
343.31453170824926,238.5710242891767
354.4516253665994,241.85681943134136
366.3613002932795,246.0854555450731
378.8890402346236,251.26836443605848
392.1112321876989,257.21469154884676
412.8889857501591,267.7717532390774
431.5111886001273,277.21740259126193
446.80895088010186,288.77392207300954
459.6471607040815,299.6191376584076
470.7177285632652,308.2953101267261
479.57418285061215,315.0362481013809
486.65934628048973,320.82899848110475
489.3274770243918,319.0631987848838
489.0619816195134,315.65055902790704
486.0495852956107,310.52044722232563
480.63966823648855,303.4163577778605
472.51173458919084,294.9330862222884
462.20938767135266,285.14646897783075
449.56751013708214,274.9171751822646
435.8540081096657,264.3337401458117
411.28320648773257,249.86699211664936
389.02656519018603,237.69359369331949
368.6212521521488,227.3548749546556
350.09700172171904,218.68389996372449
333.2776013773752,211.5471199709796
318.0220811019002,205.63769597678368
304.21766488152014,200.71015678142695
291.7741319052161,196.76812542514156
280.8193055241729,193.41450034011325
269.4554444193383,190.7316002720906
260.16435553547063,188.58528021767248
252.3314844283765,186.868224174138
245.86518754270122,185.4945793393104
240.49215003416097,184.39566347144833
236.19372002732877,183.51653077715866
232.754976021863,182.81322462172693
230.2039808174904,182.25057969738154
228.16318465399232,182.00046375790524
227.53054772319385,182.0003710063242
227.82443817855508,182.00029680505935
229.05955054284408,182.00023744404749
230.64764043427527,182.000189955238
232.91811234742022,181.8001519641904
235.33448987793616,181.8401215713523
237.86759190234892,181.87209725708186
240.29407352187914,181.8976778056655
242.43525881750332,181.9181422445324
244.34820705400267,181.7345137956259
245.87856564320214,181.38761103650072
247.1028525145617,181.31008882920057
247.68228201164936,181.24807106336044
247.94582560931948,180.99845685068834
247.9566604874556,180.79876548055068
247.96532838996447,180.63901238444055
247.57226271197158,180.51120990755243
247.05781016957727,180.20896792604194
246.44624813566182,180.16717434083355
245.95699850852947,179.93373947266684
245.16559880682357,179.5469915781335
244.33247904545885,179.23759326250678
243.26598323636708,178.79007461000543
242.01278658909365,178.43205968800436
240.41022927127491,178.3456477504035
239.12818341701993,178.87651820032278
239.90254673361594,179.9012145602582
241.92203738689275,180.12097164820656
245.1376299095142,180.89677731856526
249.11010392761136,181.9174218548522
253.8880831420891,183.53393748388174
259.11046651367127,185.0271499871054
264.688373210937,186.4217199896843
270.9506985687496,188.13737599174743
277.76055885499966,189.90990079339795
287.60844708399975,191.92792063471836
296.4867576671998,194.54233650777468
304.18940613375986,195.43386920621975
310.95152490700787,196.1470953649758
316.76121992560627,196.91767629198063
321.60897594048504,197.5341410335845
325.887180752388,198.4273128268676
329.1097446019104,199.14185026149408
332.28779568152834,199.31348020919526
335.0302365452227,198.8507841673562
336.42418923617817,197.88062733388497
335.93935138894255,196.90450186710797
331.15148111115406,206.72360149368637
324.9211848889232,212.3788811949491
317.7369479111386,215.10310495595928
309.78955832891086,215.88248396476743
301.4316466631287,215.10598717181395
292.54531733050294,213.48478973745117
283.63625386440236,209.38783178996093
270.90900309152187,201.71026543196874
259.1272024732175,195.768212345575
248.901761978574,190.81456987645998
239.7214095828592,186.651655901168
231.77712766628736,183.3213247209344
224.82170213302987,180.65705977674753
218.4573617064239,179.12564782139802
213.16588936513912,178.1005182571184
208.5327114921113,177.48041460569473
204.62616919368904,177.1843316845558
201.10093535495122,177.14746534764464
197.88074828396097,177.31797227811572
195.3045986271688,177.45437782249257
193.04367890173503,177.76350225799405
191.23494312138803,178.01080180639525
189.58795449711042,178.2086414451162
188.27036359768834,178.56691315609297
187.2162908781507,178.85353052487437
186.37303270252056,179.2828244198995
185.69842616201646,179.6262595359196
185.15874092961317,179.90100762873567
184.72699274369054,180.32080610298854
184.38159419495244,180.65664488239082
184.10527535596196,180.72531590591265
183.88422028476958,180.78025272473013
183.70737622781567,181.0242021797841
183.56590098225254,181.21936174382728
183.65272078580205,181.37548939506183
183.52217662864163,181.30039151604947
183.4177413029133,181.44031321283958
183.53419304233063,181.55225057027167
183.8273544338645,181.44180045621732
184.2618835470916,181.35344036497386
185.00950683767329,181.28275229197908
185.60760547013862,181.22620183358327
186.2860843761109,181.3809614668666
187.22886750088873,181.5047691734933
188.38309400071097,181.60381533879462
189.5064752005688,181.4830522710357
191.20518016045503,181.38644181682855
193.16414412836403,181.10915345346285
195.33131530269122,181.2873227627703
199.06505224215297,181.22985821021624
202.85204179372238,181.583886568173
206.0816334349779,181.8671092545384
209.26530674798232,182.09368740363072
212.41224539838586,182.47494992290459
215.5297963187087,182.97995993832367
218.42383705496695,183.38396795065893
221.13906964397356,183.90717436052714
223.51125571517883,184.52573948842172
225.20900457214307,185.4205915907374
226.76720365771445,187.7364732725899
228.01376292617155,189.78917861807193
228.81101034093723,193.23134289445755
231.44880827274977,199.78507431556605
234.15904661819982,205.22805945245284
237.52723729455985,209.58244756196228
241.0217898356479,213.46595804956982
244.2174318685183,216.57276643965585
247.17394549481463,230.0582131517247
249.33915639585172,241.24657052137974
250.87132511668136,250.7972564171038
251.49706009334508,258.237805133683
247.39764807467606,270.3902441069464
243.71811845974085,279.51219528555714
240.5744947677927,286.6097562284457
237.65959581423414,292.28780498275654
235.32767665138732,296.43024398620526
233.66214132110986,299.7441951889642
232.52971305688789,302.1953561511714
231.82377044551032,303.3562849209371
234.25901635640827,303.4850279367497
236.6072130851266,304.38802234939976
239.0857704681013,305.7104178795198
241.46861637448103,307.3683343036158
243.77489309958483,308.69466744289264
245.81991447966786,309.5557339543141
247.85593158373428,310.2445871634513
249.8847452669874,310.595669730761
251.50779621358993,308.07653578460884
252.60623697087195,303.6612286276871
251.08498957669755,299.92898290214964
249.46799166135804,292.94318632171974
246.97439332908644,283.7545490573758
238.97951466326916,265.60363924590064
230.18361173061533,248.0829113967205
220.74688938449225,233.4663291173764
212.7975115075938,221.57306329390113
205.43800920607504,211.8584506351209
199.15040736486003,203.88676050809673
193.52032589188804,197.50940840647738
187.61626071351043,192.8075267251819
182.89300857080835,189.24602138014552
178.7144068566467,186.79681710411643
175.37152548531736,185.43745368329314
172.2972203882539,185.1499629466345
169.4377763106031,185.7199703573076
167.15022104848248,186.77597628584607
165.120176838786,188.22078102867687
163.4961414710288,189.9766248229415
162.19691317682305,191.18129985835319
160.95753054145842,192.94503988668254
160.16602443316674,194.75603190934604
159.5328195465334,196.20482552747683
159.0262556372267,197.76386042198146
158.62100450978136,199.01108833758516
158.2968036078251,200.20887067006814
158.23744288626008,201.3670965360545
159.18995430900807,202.4936772288436
160.55196344720645,203.19494178307488
162.04157075776516,203.7559534264599
163.83325660621213,204.00476274116792
165.8666052849697,204.40381019293434
168.09328422797574,204.72304815434748
170.4746273823806,204.77843852347797
172.97970190590448,204.62275081878238
175.58376152472357,204.69820065502591
181.26700921977886,204.75856052402074
186.61360737582308,205.0068484192166
191.29088590065845,205.20547873537328
196.23270872052677,205.9643829882986
200.7861669764214,206.5715063906389
205.42893358113713,207.4572051125111
209.9431468649097,208.16576409000888
217.15451749192775,209.3326112720071
223.7236139935422,210.66608901760569
229.77889119483376,211.93287121408454
235.02311295586702,213.14629697126765
239.81849036469362,214.3170375770141
244.25479229175488,215.45363006161128
248.00383383340392,216.36290404928903
251.60306706672313,217.29032323943122
254.6824536533785,218.23225859154496
257.3459629227028,218.98580687323596
259.87677033816226,219.78864549858878
262.1014162705298,220.63091639887102
263.88113301642386,221.30473311909682
265.5049064131391,221.84378649527747
267.0039251305113,222.47502919622198
268.40314010440903,223.38002335697757
269.72251208352725,224.10401868558205
270.7780096668218,224.68321494846563
271.82240773345745,225.1465719587725
272.85792618676595,225.717257567018
273.8863409494128,226.1738060536144
275.10907275953025,226.73904484289153
277.6872582076242,227.39123587431322
279.7498065660994,227.7129886994506
281.5998452528795,228.17039095956048
284.0798762023036,228.9363127676484
286.66390096184284,229.54905021411872
289.5311207694743,230.43924017129498
292.6248966155794,231.351392137036
298.09991729246354,233.0811137096288
303.0799338339708,234.86489096770305
308.46394706717666,236.69191277416243
314.1711576537413,238.75353021932995
320.3369261229931,240.80282417546397
328.6695408983945,243.24225934037116
340.3356327187156,247.39380747229694
352.26850617497246,250.91504597783756
363.21480493997797,254.73203678227006
374.1718439519824,258.585629425816
383.9374751615859,262.06850354065284
393.1499801292687,265.45480283252226
402.51998410341497,267.76384226601783
409.81598728273195,269.81107381281424
415.45278982618555,270.6488590502514
418.96223186094846,270.1190872402011
415.16978548875875,264.6952697921609
409.935828391007,259.75621583372873
403.5486627128056,254.60497266698297
395.2389301702445,248.88397813358637
379.3911441361956,240.9071825068691
365.51291530895645,234.3257460054953
353.01033224716514,228.46059680439623
336.80826579773213,222.96847744351697
323.0466126381857,218.57478195481357
311.03729011054855,215.25982556385085
300.62983208843883,212.60786045108068
290.9038656707511,210.68628836086455
282.52309253660087,209.14903068869165
275.8184740292807,207.91922455095332
270.65477922342455,206.93537964076265
266.32382337873963,206.14830371261013
263.4590587029917,205.7186429700881
261.76724696239336,205.57491437607047
261.0137975699147,205.45993150085638
265.01103805593175,205.9679452006851
270.2088304447454,206.37435616054807
276.56706435579633,206.89948492843845
283.4536514846371,208.11958794275077
290.76292118770965,209.2956703542006
298.41033695016773,210.6365362833605
309.3282695601342,212.3092290266884
319.06261564810734,213.6473832213507
327.45009251848586,214.51790657708057
334.5600740147887,215.01432526166445
340.448059211831,215.61146020933157
345.3584473694648,215.88916816746524
349.4867578955718,215.9113345339722
351.38940631645744,215.72906762717776
352.31152505316595,215.3832541017422
351.64922004253276,214.70660328139377
350.5193760340262,214.16528262511503
349.215500827221,213.73222610009202
347.77240066177677,213.3857808800736
345.81792052942143,213.3086247040589
344.25433642353715,213.44689976324713
343.0034691388297,213.5575198105977
342.0027753110638,213.84601584847817
341.202220248851,214.27681267878253
340.5617761990808,214.82145014302603
340.2494209592646,215.25716011442083
340.7995367674117,216.60572809153666
341.43962941392937,218.08458247322932
342.1517035311435,219.26766597858347
342.72136282491476,220.41413278286677
343.5770902599318,221.3313062262934
344.46167220794547,222.26504498103472
345.16933776635636,223.21203598482776
346.1354702130851,224.5696287878622
346.9083761704681,225.85570303028976
347.5267009363745,226.8845624242318
348.0213607490996,227.70764993938545
348.4170885992797,228.56611995150837
348.53367087942377,229.2528959612067
348.626936703539,229.80231676896534
348.1015493628312,230.24185341517227
347.48123949026495,230.59348273213783
346.78499159221195,231.07478618571025
346.2279932737696,231.4598289485682
345.38239461901566,231.76786315885457
344.50591569521254,232.21429052708365
343.20473255617003,232.5714324216669
342.16378604493605,233.05714593733353
340.93102883594884,233.44571674986682
339.9448230687591,233.75657339989345
338.9558584550073,234.00525871991476
338.1646867640058,234.2042069759318
336.93174941120463,234.16336558074545
335.74539952896373,234.13069246459636
334.196319623171,234.1045539716771
332.55705569853683,234.08364317734168
330.84564455882946,234.06691454187336
329.27651564706355,233.85353163349868
327.62121251765086,233.48282530679893
326.2969700141207,233.38626024543913
325.03757601129655,233.3090081963513
324.03006080903725,233.24720655708103
323.2240486472298,233.1977652456648
322.3792389177838,233.35821219653184
321.90339113422704,233.48656975722548
321.7227129073816,233.78925580578039
321.57817032590526,233.8314046446243
321.4625362607242,233.86512371569944
321.37002900857937,233.89209897255955
321.2960232068635,234.11367917804765
321.4368185654908,234.09094334243812
321.5494548523926,234.2727546739505
321.6395638819141,234.4182037391604
321.9116511055313,234.5345629913283
322.12932088442506,234.82765039306264
322.10345670754003,235.0621203144501
322.08276536603205,235.44969625156008
321.86621229282565,235.75975700124806
321.8929698342605,236.00780560099844
321.7143758674084,236.20624448079874
321.37150069392675,236.364995584639
320.8972005551414,236.4919964677112
320.71776044411314,236.59359717416896
320.37420835529053,236.87487773933518
319.8993666842324,237.09990219146815
319.3194933473859,237.07992175317452
318.6555946779087,237.0639374025396
318.124475742327,237.2511499220317
317.4995805938616,237.00091993762535
316.9996644750893,237.00073595010028
316.39973158007143,237.00058876008023
315.91978526405717,237.00047100806418
315.53582821124576,237.00037680645136
315.2286625689966,237.00030144516109
314.98293005519724,237.00024115612888
314.9863440441578,237.2001929249031
314.98907523532625,237.36015433992247
315.191260188261,237.88812347193797
315.7530081506088,238.1104987775504
316.00240652048706,238.28839902204032
316.20192521638967,238.43071921763226
316.7615401731117,238.54457537410582
317.40923213848936,238.63566029928467
317.7273857107915,238.70852823942772
318.1819085686332,238.96682259154218
318.5455268549066,239.17345807323375
319.03642148392527,239.13876645858699
319.2291371871402,239.11101316686958
319.38330974971217,239.08881053349566
319.5066477997697,239.07104842679652
319.6053182398158,239.05683874143722
319.68425459185266,239.04547099314976
319.74740367348215,239.0363767945198
319.5979229387857,238.82910143561585
319.27833835102854,238.66328114849267
319.02267068082284,238.53062491879413
319.01813654465826,238.62449993503532
319.0145092357266,238.69959994802826
318.8116073885813,238.5596799584226
318.84928591086504,238.6477439667381
318.879428728692,238.71819517339048
318.9035429829536,238.9745561387124
319.12283438636285,239.1796449109699
319.2982675090903,239.14371592877592
319.43861400727224,239.31497274302075
319.75089120581777,239.4519781944166
320.0007129646542,239.56158255553328
320.20057037172336,239.6492660444266
320.3604562973787,239.71941283554128
320.68836503790294,239.97553026843303
320.75069203032234,239.98042421474642
320.8005536242579,240.18433937179714
320.8404428994063,240.14747149743772
321.07235431952506,240.31797719795017
321.0578834556201,240.45438175836014
321.0463067644961,240.36350540668812
321.03704541159686,240.4908043253505
320.8296363292775,240.3926434602804
320.863709063422,240.31411476822433
320.6909672507376,240.25129181457947
320.55277380059005,240.2010334516636
320.442219040472,240.16082676133087
320.1537752323776,240.1286614090647
320.1230201859021,240.10292912725177
320.09841614872164,240.08234330180142
319.87873291897733,240.06587464144113
319.50298633518184,240.0526997131529
319.40238906814545,240.04215977052232
319.32191125451635,240.03372781641787
319.25752900361306,240.0269822531343
319.20602320289044,240.02158580250745
319.16481856231235,240.21726864200596
318.93185484984986,240.17381491360476
318.9454838798799,240.3390519308838
318.7563871039039,240.47124154470706
318.6051096831231,240.37699323576564
318.28408774649847,240.30159458861252
318.0272701971988,240.24127567089002
317.82181615775903,240.19302053671203
317.4574529262072,240.15441642936963
317.1659623409658,240.1235331434957
316.7327698727726,240.09882651479657
316.3862158982181,240.07906121183726
316.1089727185745,240.0632489694698
315.88717817485957,240.25059917557584
315.70974253988766,240.20047934046067
315.7677940319101,240.36038347236854
315.6142352255281,240.28830677789483
315.49138818042246,240.23064542231586
315.59311054433795,240.3845163378527
315.47448843547033,240.30761307028214
315.37959074837624,240.24609045622572
315.303672598701,240.39687236498057
315.2429380789608,240.51749789198445
315.19435046316863,240.41399831358757
315.1554803705349,240.53119865087007
314.92438429642795,240.62495892069606
314.93950743714237,240.49996713655685
314.9516059497139,240.39997370924547
314.7612847597711,240.51997896739638
314.6090278078169,240.6159831739171
314.4872222462535,240.6927865391337
314.1897777970028,240.75422923130697
314.15182223760223,240.80338338504558
314.12145779008176,240.84270670803647
314.09716623206543,240.87416536642917
314.07773298565235,240.89933229314335
314.06218638852187,240.91946583451468
314.0497491108175,241.13557266761174
314.039799288654,241.1084581340894
314.03183943092324,241.08676650727153
314.0254715447386,241.26941320581722
313.8203772357909,241.21553056465376
313.8563017886327,241.172424451723
313.68504143090615,241.1379395613784
313.7480331447249,241.1103516491027
313.7984265157799,241.08828131928217
313.8387412126239,241.07062505542575
313.8709929700991,241.0565000443406
313.6967943760793,241.24520003547246
313.55743550086345,241.19616002837796
313.4459484006908,241.35692802270236
313.35675872055265,241.2855424181619
313.2854069764421,241.2284339345295
313.4283255811537,241.3827471476236
313.54266046492296,241.30619771809887
313.63412837193835,241.2449581744791
313.9073026975507,241.3959665395833
313.92584215804055,241.51677323166663
313.94067372643246,241.41341858533332
313.95253898114595,241.33073486826666
314.16203118491677,241.26458789461333
314.32962494793344,241.41167031569066
314.46369995834675,241.32933625255254
314.3709599666774,241.26346900204203
314.4967679733419,241.21077520163362
314.59741437867353,241.1686201613069
314.6779315029388,241.13489612904553
314.74234520235103,241.10791690323643
314.7938761618808,241.28633352258913
314.63510092950463,241.22906681807132
314.7080807436037,241.18325345445706
314.76646459488296,241.14660276356565
314.81317167590635,241.11728221085252
314.65053734072507,240.893825768682
314.32042987258006,240.7150606149456
314.05634389806403,240.57204849195648
313.84507511845123,240.65763879356518
313.676060094761,240.72611103485215
313.5408480758088,240.7808888278817
313.432678460647,240.82471106230537
313.3461427685176,241.0597688498443
313.2769142148141,241.04781507987542
313.22153137185126,241.03825206390033
313.177225097481,241.03060165112026
313.3417800779848,241.22448132089622
313.47342406238783,241.37958505671696
313.37873924991027,241.30366804537357
313.3029913999282,241.44293443629886
313.24239311994256,241.55434754903908
313.39391449595405,241.64347803923127
313.51513159676324,241.51478243138502
313.6121052774106,241.411825945108
313.6896842219285,241.5294607560864
313.9517473775428,241.62356860486912
314.16139790203425,241.4988548838953
314.3291183216274,241.59908390711624
314.2632946573019,241.47926712569299
314.41063572584153,241.5834137005544
314.52850858067325,241.4667309604435
314.6228068645386,241.3733847683548
314.69824549163087,241.49870781468385
314.5585963933047,241.39896625174708
314.44687711464377,241.31917300139767
314.357501691715,241.25533840111814
314.286001353372,241.2042707208945
314.2288010826976,241.1634165767156
314.1830408661581,241.13073326137248
314.14643269292645,241.104586609098
313.91714615434114,241.08366928727838
313.7337169234729,241.0669354298227
313.3869735387783,240.85354834385817
313.30957883102263,240.88283867508653
313.2476630648181,240.90627094006922
312.9981304518545,241.1250167520554
312.7985043614836,241.30001340164432
312.6388034891869,241.44001072131545
312.3110427913495,241.55200857705236
312.0488342330796,241.6416068616419
311.8390673864637,241.7132854893135
311.67125390917096,241.7706283914508
311.7370031273368,241.61650271316063
311.9896025018694,241.4932021705285
312.3916820014955,241.3945617364228
312.7133456011964,241.31564938913823
312.97067648095714,241.05251951131058
313.1765411847657,241.04201560904846
313.34123294781256,241.03361248723877
313.47298635825007,241.226889989791
313.57838908660005,241.1815119918328
313.66271126928007,241.14520959346623
313.73016901542405,241.316167674773
313.78413521233927,241.2529341398184
313.8273081698714,241.2023473118547
313.86184653589714,241.16187784948377
313.88947722871774,240.929502279587
313.91158178297417,241.1436018236696
313.92926542637935,241.11488145893568
313.94341234110345,241.09190516714855
313.95472987288275,241.07352413371885
313.9637838983062,241.05881930697507
313.97102711864494,241.04705544558004
313.97682169491594,241.03764435646403
313.9814573559328,241.2301154851712
313.9851658847462,241.38409238813696
313.988132707797,241.50727391050958
313.9905061662376,241.40581912840767
313.9924049329901,241.52465530272613
313.9939239463921,241.6197242421809
313.99513915711367,241.69577939374471
313.79611132569096,241.75662351499577
313.6368890605528,241.8052988119966
313.3095112484422,241.64423904959727
313.0476089987538,241.51539123967783
312.83808719900304,241.41231299174225
312.67046975920243,241.3298503933938
312.53637580736194,241.26388031471504
312.42910064588955,241.21110425177204
312.54328051671166,241.36888340141763
312.63462441336935,241.29510672113412
312.7076995306955,241.4360853769073
312.7661596245564,241.34886830152584
312.8129276996451,241.47909464122068
313.0503421597161,241.38327571297654
313.04027372777284,241.50662057038124
313.2322189822183,241.60529645630498
313.3857751857746,241.484237165044
313.3086201486197,241.5873897320352
313.24689611889573,241.46991178562817
313.19751689511656,241.37592942850253
313.35801351609325,241.30074354280202
313.4864108128746,241.24059483424162
313.5891286502997,241.3924758673933
313.6713029202398,241.11398069391464
313.73704233619185,241.09118455513172
313.7896338689535,241.2729476441054
313.8317070951628,241.41835811528432
314.0653656761302,241.53468649222745
314.2522925409042,241.62774919378197
314.40183403272334,241.70219935502558
314.5214672261787,241.76175948402047
314.61717378094295,241.80940758721638
314.69373902475434,241.8475260697731
314.75499121980346,242.07802085581847
314.8039929758428,242.06241668465478
314.8431943806742,242.04993334772382
314.6745555045394,242.23994667817905
314.53964440363154,242.19195734254325
314.23171552290523,242.3535658740346
313.9853724183242,242.28285269922767
313.78829793465934,242.22628215938215
313.6306383477275,242.18102572750573
313.504510678182,242.3448205820046
313.6036085425456,242.47585646560367
313.6828868340365,242.58068517248293
313.7463094672292,242.66454813798634
313.99704757378333,242.5316385103891
314.19763805902664,242.62531080831127
314.3581104472213,242.70024864664902
314.48648835777703,242.7601989173192
314.5891906862216,243.00815913385537
314.6713525489773,243.0065273070843
314.73708203918187,243.00522184566745
314.7896656313455,243.00417747653395
314.8317325050764,243.00334198122715
314.8653860040611,243.2026735849817
314.8923088032489,243.16213886798536
314.9138470425991,243.12971109438828
314.9310776340793,243.10376887551064
315.14486210726346,243.08301510040852
315.31588968581076,243.0664120803268
315.4527117486486,243.25312966426145
315.56216939891885,243.20250373140917
315.6497355191351,243.36200298512733
315.7197884153081,243.28960238810186
315.77583073224645,243.23168191048148
315.82066458579715,243.3853455283852
316.0565316686377,243.50827642270815
316.2452253349102,243.4066211381665
316.3961802679281,243.3252969105332
316.5169442143425,243.46023752842657
316.61355537147404,243.36819002274126
316.69084429717924,243.294552018193
316.9526754377434,243.4356416145544
316.9621403501947,243.34851329164354
317.16971228015575,243.47881063331482
317.1357698241246,243.38304850665185
317.3086158592997,243.50643880532147
317.24689268743975,243.40515104425717
317.1975141499518,243.52412083540574
317.1580113199615,243.4192966683246
317.1264090559692,243.53543733465966
317.10112724477534,243.42834986772772
317.0809017958203,243.34267989418217
316.8647214366562,243.47414391534573
316.691777149325,243.3793151322766
316.35342171946,242.90345210582126
315.682737375568,241.92276168465702
314.7461899004544,239.13820934772562
313.79695192036354,236.3105674781805
313.23756153629085,232.4484539825444
312.79004922903266,228.95876318603553
316.63203938322613,229.7670105488284
319.5056315065809,229.81360843906273
322.8045052052647,229.8508867512502
328.8436041642118,234.68070940100014
333.27488333136944,236.54456752080011
337.21990666509555,238.03565401664008
340.77592533207644,239.82852321331205
344.0207402656612,241.66281857064965
346.21659221252895,242.7302548565197
348.1732737700232,243.18420388521577
349.73861901601856,243.54736310817262
350.79089521281486,243.8378904865381
352.0327161702519,243.8703123892305
353.02617293620153,243.8962499113844
354.02093834896124,243.71699992910752
354.816750679169,243.37359994328602
355.4534005433352,243.0988799546288
356.16272043466813,242.67910396370306
357.1301763477345,242.14328317096243
357.9041410781876,241.11462653676995
358.3233128625501,239.29170122941596
358.6586502900401,237.03336098353276
356.9269202320321,235.0266887868262
354.9415361856257,233.22135102946098
352.95322894850057,231.77708082356878
350.56258315880046,230.02166465885503
348.8500665270404,228.81733172708402
348.0800532216323,228.4538653816672
347.86404257730584,228.36309230533377
350.29123406184465,228.890473844267
353.23298724947574,229.7123790754136
356.5863897995806,230.96990326033088
359.86911183966447,232.1759226082647
363.29528947173156,233.34073808661176
366.03623157738525,234.4725904692894
368.2289852619082,235.37807237543151
369.98318820952653,236.1024579003452
371.1865505676212,236.88196632027615
371.949240454097,237.7055730562209
372.15939236327756,238.36445844497672
372.127513890622,238.69156675598137
371.70201111249764,238.9532534047851
371.1616088899981,239.36260272382808
370.7292871119985,239.69008217906247
370.5834296895988,239.75206574324997
370.66674375167906,239.80165259459997
370.93339500134323,239.84132207567998
371.1467160010746,239.873057660544
371.3173728008597,240.0984461284352
371.45389824068775,240.27875690274817
371.5631185925502,240.42300552219854
371.45049487404015,240.53840441775884
371.5603958992321,240.83072353420707
371.64831671938566,241.06457882736566
371.71865337550855,241.25166306189254
371.7749227004068,241.40133044951403
371.8199381603255,241.32106435961123
371.8559505282604,241.25685148768898
371.88476042260834,241.20548119015118
371.9078083380867,241.36438495212093
371.7262466704693,241.49150796169675
371.78099733637544,241.5932063693574
371.82479786910034,241.67456509548592
371.85983829528027,241.73965207638872
371.6878706362242,241.79172166111098
371.7502965089794,241.8333773288888
371.8002372071835,241.86670186311102
371.6401897657468,241.69336149048883
371.7121518125974,241.75468919239106
371.76972145007795,241.80375135391284
371.81577716006234,241.84300108313028
371.8526217280499,242.07440086650422
371.8820973824399,242.05952069320338
371.9056779059519,242.0476165545627
372.12454232476153,242.03809324365017
372.0996338598092,242.03047459492012
372.0797070878474,242.0243796759361
371.8637656702779,242.0195037407489
371.8910125362223,242.0156029925991
371.91281002897784,242.01248239407929
371.9302480231823,242.00998591526343
371.94419841854585,242.00798873221075
371.9553587348367,242.0063909857686
371.96428698786934,242.0051127886149
371.9714295902955,242.0040902308919
371.97714367223637,242.00327218471352
371.9817149377891,242.20261774777083
371.9853719502313,242.36209419821665
371.98829756018506,242.48967535857332
371.99063804814807,242.59174028685865
371.9925104385185,242.67339222948692
371.9940083508148,242.73871378358953
371.99520668065185,242.79097102687163
371.9961653445215,242.8327768214973
371.9969322756172,242.86622145719784
371.99754582049377,242.89297716575828
371.998036656395,242.9143817326066
371.99842932511604,242.9315053860853
371.99874346009284,242.94520430886823
372.1989947680743,242.95616344709458
372.35919581445944,242.96493075767566
372.28735665156756,242.97194460614054
372.2298853212541,243.17755568491242
372.1839082570033,243.14204454792994
372.14712660560264,243.11363563834396
372.1177012844821,243.09090851067518
372.0941610275857,243.07272680854015
372.07532882206857,243.05818144683212
372.0602630576549,243.0465451574657
372.0482104461239,243.03723612597256
372.2385683568991,243.02978890077804
372.3908546855193,243.22383112062244
372.51268374841544,243.37906489649794
372.6101469987324,243.50325191719836
372.6881175989859,243.60260153375867
372.75049407918874,243.68208122700693
372.800395263351,243.74566498160556
372.8403162106808,243.79653198528445
372.8722529685446,243.83722558822757
372.8978023748357,243.86978047058204
372.9182418998686,243.89582437646564
372.93459351989486,244.1166595011725
372.9476748159159,244.093327600938
372.9581398527327,244.07466208075041
372.9665118821862,244.05972966460033
372.97320950574897,244.24778373168027
372.97856760459916,244.39822698534422
373.18285408367933,244.51858158827537
373.14628326694344,244.6148652706203
373.11702661355474,244.69189221649623
373.2936212908438,244.75351377319697
373.43489703267505,244.80281101855758
373.54791762614,244.84224881484607
373.638334100912,244.87379905187686
373.7106672807296,244.8990392415015
373.9685338245837,244.9192313932012
373.97482705966695,244.93538511456094
373.7798616477336,244.94830809164876
373.62388931818685,244.958646473319
373.4991114545495,244.9669171786552
373.3992891636396,244.97353374292416
373.3194313309117,244.97882699433933
373.25554506472935,244.98306159547147
373.2044360517835,244.9864492763772
373.1635488414268,244.98915942110176
373.3308390731414,244.9913275368814
373.46467125851314,244.99306202950513
373.5717370068105,244.9944496236041
373.65738960544843,244.99555969888328
373.7259116843587,244.99644775910662
373.58072934748697,244.99715820728528
373.6645834779896,244.99772656582823
373.7316667823917,244.9981812526626
373.78533342591334,244.99854500213007
373.82826674073067,244.99883600170406
373.86261339258454,244.99906880136325
373.89009071406764,244.9992550410906
373.9120725712541,244.9994040328725
373.9296580570033,244.99952322629798
373.94372644560264,244.9996185810384
373.9549811564821,244.9996948648307
373.9639849251857,244.99975589186457
373.9711879401485,244.99980471349164
373.9769503521188,244.99984377079332
373.98156028169507,244.99987501663466
373.98524822535603,245.19990001330774
373.9881985802848,245.3599200106462
374.19055886422785,245.28793600851697
374.15244709138227,245.43034880681358
373.9219576731058,245.54427904545088
373.53756613848464,245.6354232363607
373.4300529107877,245.70833858908856
373.9440423286302,245.76667087127083
374.75523386290416,245.61333669701668
376.20418709032333,245.49066935761334
377.9633496722587,245.39253548609068
379.37067973780694,245.31402838887254
380.29654379024555,245.05122271109803
380.8372350321964,244.84097816887842
381.06978802575713,244.67278253510273
381.2558304206057,244.33822602808218
381.00466433648455,244.07058082246573
380.80373146918765,243.8564646579726
380.8429851753501,243.6851717263781
380.6743881402801,243.54813738110246
380.53951051222407,243.63850990488197
380.23160840977926,244.11080792390558
379.9852867278234,244.48864633912447
379.1882293822587,244.7909170712996
378.350583505807,245.03273365703967
377.8804668046456,245.22618692563174
377.5043734437165,245.38094954050538
376.8034987549732,245.5047596324043
376.2427990039786,245.60380770592343
375.39423920318285,245.68304616473876
374.51539136254627,245.546436931791
373.81231309003704,245.4371495454328
373.2498504720296,245.34971963634624
372.59988037762366,245.279775709077
372.27990430209894,245.2238205672616
372.42392344167916,244.97905645380928
372.5391387533433,244.58324516304742
373.03131100267467,244.26659613043793
373.82504880213975,244.01327690435033
374.6600390417118,243.81062152348028
375.3280312333694,243.64849721878423
376.06242498669553,243.5187977750274
376.44993998935644,243.61503822002192
376.55995199148515,243.69203057601754
376.64796159318814,243.75362446081402
376.51836927455054,243.8028995686512
376.41469541964045,243.84231965492097
376.13175633571234,243.87385572393677
375.90540506856985,243.69908457914943
375.72432405485586,243.75926766331955
375.5794592438847,243.80741413065564
375.46356739510776,243.84593130452453
375.3708539160862,243.67674504361963
375.49668313286895,243.5413960348957
375.59734650629514,243.63311682791658
375.6778772050361,243.50649346233325
375.74230176402887,243.6051947698666
375.9938414112231,243.6841558158933
376.1950731289785,243.74732465271464
376.3560585031828,243.79785972217172
376.68484680254625,243.6382877777374
376.947877442037,243.7106302221899
377.1583019536296,243.76850417775194
377.32664156290366,243.81480334220154
377.4613132503229,243.85184267376124
377.5690506002583,244.081474139009
377.65524048020666,244.0651793112072
377.72419238416535,244.05214344896575
377.5793539073323,244.2417147591726
377.4634831258658,244.19337180733808
377.37078650069265,244.15469744587045
377.2966292005541,244.12375795669635
377.23730336044326,244.09900636535707
377.1898426883546,244.07920509228566
377.1518741506837,244.06336407382852
377.12149932054695,244.05069125906283
377.0971994564376,244.04055300725025
377.0777595651501,244.0324424058002
377.06220765212004,244.22595392464015
377.24976612169604,244.18076313971213
377.3998128973568,244.1446105117697
377.3198503178854,244.11568840941578
377.25588025430835,244.09255072753263
377.2047042034467,244.0740405820261
377.1637633627573,244.05923246562088
377.33101069020586,244.24738597249672
377.4648085521647,244.39790877799737
377.57184684173177,244.3183270223979
377.6574774733854,244.45466161791833
377.7259819787083,244.56372929433468
377.78078558296664,244.65098343546774
377.8246284663733,244.52078674837418
377.85970277309866,244.61662939869933
377.88776221847894,244.69330351895945
377.91020977478314,244.75464281516756
377.9281678198265,244.80371425213406
377.7425342558612,244.84297140170725
377.79402740468896,244.8743771213658
377.8352219237512,244.89950169709263
377.86817753900095,245.1196013576741
377.8945420312008,245.29568108613927
377.9156336249606,245.2365448689114
377.9325068999685,245.18923589512912
377.9460055199748,245.1513887161033
377.95680441597983,245.12111097288263
377.96544353278387,245.0968887783061
377.9723548262271,245.07751102264487
377.9778838609817,245.2620088181159
377.9823070887854,245.20960705449272
377.9858456710283,245.36768564359417
377.98867653682265,245.29414851487533
377.99094122945814,245.43531881190026
377.9927529835665,245.5482550495202
378.1942023868532,245.43860403961617
378.15536190948256,245.55088323169292
378.12428952758603,245.64070658535434
378.09943162206883,245.71256526828347
378.07954529765505,245.57005221462677
378.06363623812405,245.6560417717014
378.05090899049924,245.72483341736114
378.0407271923994,245.77986673388892
378.03258175391954,245.62389338711114
378.02606540313565,245.6991147096889
378.0208523225085,245.7592917677511
378.21668185800684,245.8074334142009
378.37334548640547,245.6459467313607
378.29867638912435,245.71675738508856
378.2389411112995,245.77340590807086
378.1911528890396,245.81872472645668
378.1529223112317,245.85497978116535
378.12233784898535,245.88398382493227
378.09787027918827,245.9071870599458
378.2782962233506,245.92574964795665
378.4226369786805,245.94059971836532
378.3381095829444,245.95247977469225
378.2704876663555,245.9619838197538
378.4163901330844,245.96958705580306
378.5331121064675,245.97566964464244
378.626489685174,245.98053571571396
378.7011917481392,245.98442857257118
378.76095339851133,245.98754285805694
378.8087627188091,245.99003428644556
378.8470101750473,245.99202742915645
378.8776081400378,245.99362194332517
378.9020865120302,245.79489755466014
378.72166920962417,245.8359180437281
378.57733536769933,245.86873443498249
378.6618682941595,245.89498754798598
378.72949463532757,245.71599003838878
378.58359570826207,245.77279203071103
378.66687656660963,245.81823362456882
378.7335012532877,245.65458689965504
378.78680100263017,245.72366951972404
378.82944080210416,245.77893561577923
378.8635526416833,245.82314849262337
378.89084211334665,245.8585187940987
378.9126736906773,245.88681503527897
379.13013895254187,245.70945202822318
379.3041111620335,245.76756162257854
379.4432889296268,245.81404929806283
379.55463114370144,245.85123943845025
379.44370491496113,245.8809915507602
379.3549639319689,245.90479324060817
379.2839711455751,245.92383459248654
379.4271769164601,245.93906767398923
379.5417415331681,246.1512541391914
379.63339322653445,246.3210033113531
379.7067145812276,246.2568026490825
379.76537166498207,246.205442119266
379.61229733198564,246.3643536954128
379.6898378655885,246.29148295633024
379.7518702924708,246.4331863650642
379.80149623397665,246.34654909205136
379.8411969871813,246.2772392736411
379.87295758974506,246.42179141891287
379.89836607179603,246.3374331351303
379.91869285743684,246.26994650810425
379.93495428594946,246.2159572064834
379.9479634287596,246.17276576518674
379.95837074300766,246.3382126121494
379.96669659440613,246.2705700897195
379.9733572755249,246.4164560717756
380.1786858204199,246.33316485742048
380.3429486563359,246.46653188593638
380.4743589250687,246.5732255087491
380.579487140055,246.65858040699928
380.663589712044,246.72686432559942
380.7308717696352,246.78149146047954
380.78469741570814,246.82519316838363
380.8277579325665,246.8601545347069
380.8622063460532,246.88812362776554
380.88976507684254,246.91049890221242
380.91181206147405,246.92839912176993
380.9294496491792,246.94271929741595
380.9435597193434,246.95417543793275
380.9548477754747,246.9633403503462
380.9638782203798,246.97067228027694
380.97110257630385,246.97653782422157
380.77688206104307,246.78123025937725
380.42150564883445,246.6249842075018
380.33720451906754,246.49998736600145
380.06976361525403,246.19998989280117
379.85581089220324,245.75999191424094
379.6846487137626,245.20799353139276
379.5477189710101,244.76639482511422
379.03817517680807,244.21311586009136
378.8305401414465,243.7704926880731
378.6644321131572,243.61639415045846
378.5315456905258,243.49311532036677
378.42523655242064,243.3944922562934
378.3401892419365,243.31559380503472
378.4721513935492,243.05247504402777
378.97772111483937,242.8419800352222
379.3821768918715,242.67358402817777
379.7057415134972,242.53886722254222
380.16459321079776,242.43109377803378
379.7316745686382,241.94487502242703
378.58533965491057,240.95590001794162
376.06827172392843,238.9647200143533
373.25461737914276,238.37177601148264
369.00369390331423,238.0974208091861
363.20295512265136,237.07793664734888
359.1623640981211,236.4623493178791
355.7298912784969,235.96987945430328
352.98391302279754,235.77590356344263
350.787130418238,235.6207228507541
349.0297043345904,235.6965782806033
347.62376346767235,235.55726262448263
